"estimate","est_cg","mean","se_mean","sd","2.5%","25%","50%","75%","97.5%","n_eff","Rhat","n_div"
"E_sum","Steelhead_NA_UM_Released",35504.8021651202,56.0685005560622,2523.69105559588,30679.2294760417,33751.4361410097,35444.1318861222,37162.7800882457,40683.9978794017,2025.97691851261,1.00023221082078,18
"C_sum","Steelhead_NA_UM_Released",980.82125,2.22135731854459,109.512675316382,778.975,904,974,1052,1211.025,2430.47932541046,1.0009752516739,18
